{"cameraMode":{"drawMode":0,"name":"Shaded","section":"Shading Mode"},"sceneLighting":true,"audioPlay":false,"sceneViewState":{"m_AlwaysRefresh":false,"showFog":true,"showSkybox":true,"showFlares":true,"showImageEffects":true,"showParticleSystems":true,"showVisualEffectGraphs":true,"m_FxEnabled":true},"in2DMode":false,"pivot":{"x":-0.17496871948242188,"y":0.07577148079872132,"z":-0.23357784748077393},"rotation":{"x":-0.0038477664347738029,"y":0.9879542589187622,"z":-0.15266074240207673,"w":-0.02490077167749405},"size":0.6321666836738586,"orthographic":false}