{"cameraMode":{"drawMode":0,"name":"Shaded","section":"Shading Mode"},"sceneLighting":true,"audioPlay":false,"sceneViewState":{"m_AlwaysRefresh":false,"showFog":true,"showSkybox":true,"showFlares":true,"showImageEffects":true,"showParticleSystems":true,"showVisualEffectGraphs":true,"m_FxEnabled":true},"in2DMode":false,"pivot":{"x":27.20119285583496,"y":-14.117145538330079,"z":15.337543487548829},"rotation":{"x":0.003962783142924309,"y":0.8613500595092773,"z":-0.5079358220100403,"w":0.006719271186739206},"size":29.10373306274414,"orthographic":false}